{
  "path": "mod_Botania/plants/botania_light_blue_plant.json",
  "enabled": true,
  "id": "botania_light_blue_plant",
  "plant_name": "Mystical Light Blue Flower",
  "seed_name": "Mystical Light Blue Seeds",
  "seed_items": [],
  "description": {
    "translations": {},
    "default": "A beautiful flower that is blue as the sky on a sunny day."
  },
  "growth_chance": 0.75,
  "growth_bonus": 0.025,
  "bonemeal": false,
  "tier": 1,
  "weedable": false,
  "aggressive": false,
  "spread_chance": 0.1,
  "spawn_chance": 0.0,
  "grass_drop_chance": 0.0,
  "products": {
    "products": [
      {
        "min": 1,
        "max": 4,
        "chance": 1.0,
        "required": true,
        "item": "botania:petal",
        "meta": 3,
        "tags": "",
        "ignoreMeta": false,
        "ignoreTags": [],
        "useOreDict": false
      }
    ]
  },
  "requirement": {
    "min_light": 10,
    "max_light": 16,
    "soils": [
      "podzol_soil"
    ],
    "bases": [],
    "nearby": {}
  },
  "texture": {
    "render_type": "cross",
    "seed_texture": "agricraft:items/seedBotaniaLightBlue",
    "plant_textures": [
      "agricraft:blocks/cropBotaniaLightBlue1",
      "agricraft:blocks/cropBotaniaLightBlue1",
      "agricraft:blocks/cropBotaniaLightBlue1",
      "agricraft:blocks/cropBotaniaLightBlue2",
      "agricraft:blocks/cropBotaniaLightBlue2",
      "agricraft:blocks/cropBotaniaLightBlue3",
      "agricraft:blocks/cropBotaniaLightBlue3",
      "agricraft:blocks/cropBotaniaLightBlue4"
    ]
  }
}
