{
  "path": "mod_actuallyadditions/plants/canola_plant.json",
  "enabled": true,
  "id": "canola_plant",
  "plant_name": "Canola",
  "seed_name": "Canola Seeds",
  "seed_items": [
    {
      "item": "actuallyadditions:itemCanolaSeed",
      "meta": 0,
      "tags": "",
      "ignoreMeta": true,
      "ignoreTags": [
        "*"
      ],
      "useOreDict": false
    }
  ],
  "description": {
    "translations": {},
    "default": "For the finest of Oils"
  },
  "growth_chance": 0.8,
  "growth_bonus": 0.025,
  "bonemeal": true,
  "tier": 1,
  "weedable": false,
  "aggressive": false,
  "spread_chance": 0.1,
  "spawn_chance": 0.0,
  "grass_drop_chance": 0.0,
  "products": {
    "products": [
      {
        "min": 1,
        "max": 3,
        "chance": 0.95,
        "required": true,
        "item": "actuallyadditions:itemMisc",
        "meta": 13,
        "tags": "",
        "ignoreMeta": false,
        "ignoreTags": [],
        "useOreDict": false
      }
    ]
  },
  "requirement": {
    "min_light": 8,
    "max_light": 16,
    "soils": [
      "farmland_soil"
    ],
    "bases": [],
    "nearby": {}
  },
  "texture": {
    "render_type": "hash",
    "seed_texture": "actuallyadditions:items/itemCanolaSeed",
    "plant_textures": [
      "actuallyadditions:blocks/blockCanolaStage1",
      "actuallyadditions:blocks/blockCanolaStage1",
      "actuallyadditions:blocks/blockCanolaStage1",
      "actuallyadditions:blocks/blockCanolaStage2",
      "actuallyadditions:blocks/blockCanolaStage2",
      "actuallyadditions:blocks/blockCanolaStage3",
      "actuallyadditions:blocks/blockCanolaStage3",
      "actuallyadditions:blocks/blockCanolaStage4"
    ]
  }
}
