{
  "path": "CoopLife/plants/bonebloom_plant.json",
  "enabled": true,
  "id": "bonebloom_plant",
  "plant_name": "Bonebloom",
  "seed_name": "Bonebloom Seeds",
  "seed_items": [],
  "description": {
    "translations": {},
    "default": "A calcium chrysanthemum!"
  },
  "growth_chance": 0.8,
  "growth_bonus": 0.025,
  "bonemeal": false,
  "tier": 1,
  "weedable": false,
  "aggressive": false,
  "spread_chance": 0.3,
  "spawn_chance": 0.0,
  "grass_drop_chance": 0.0,
  "products": {
    "products": [
      {
        "min": 1,
        "max": 1,
        "chance": 0.95,
        "required": true,
        "item": "minecraft:bone",
        "meta": 0,
        "tags": "",
        "ignoreMeta": false,
        "ignoreTags": [],
        "useOreDict": false
      }
    ]
  },
  "requirement": {
    "min_light": 10,
    "max_light": 16,
    "soils": [
      "gravel_soil"
    ],
    "bases": [],
    "nearby": {}
  },
  "texture": {
    "render_type": "hash",
    "seed_texture": "agricraft:items/seedBonebloom",
    "plant_textures": [
      "agricraft:blocks/cropBonebloom1",
      "agricraft:blocks/cropBonebloom1",
      "agricraft:blocks/cropBonebloom2",
      "agricraft:blocks/cropBonebloom2",
      "agricraft:blocks/cropBonebloom3",
      "agricraft:blocks/cropBonebloom3",
      "agricraft:blocks/cropBonebloom4",
      "agricraft:blocks/cropBonebloom4"
    ]
  }
}
