{
  "path": "CoopLife/plants/scablazious_plant.json",
  "enabled": true,
  "id": "scablazious_plant",
  "plant_name": "Scablazious",
  "seed_name": "Scablazious Seeds",
  "seed_items": [],
  "description": {
    "translations": {},
    "default": "More than a blaze of glory."
  },
  "growth_chance": 0.8,
  "growth_bonus": 0.025,
  "bonemeal": false,
  "tier": 1,
  "weedable": false,
  "aggressive": false,
  "spread_chance": 0.3,
  "spawn_chance": 0.0,
  "grass_drop_chance": 0.0,
  "products": {
    "products": [
      {
        "min": 1,
        "max": 1,
        "chance": 0.95,
        "required": true,
        "item": "minecraft:blaze_rod",
        "meta": 0,
        "tags": "",
        "ignoreMeta": false,
        "ignoreTags": [],
        "useOreDict": false
      }
    ]
  },
  "requirement": {
    "min_light": 10,
    "max_light": 16,
    "soils": [
      "gravel_soil"
    ],
    "bases": [],
    "nearby": {}
  },
  "texture": {
    "render_type": "hash",
    "seed_texture": "agricraft:items/seedScablazious",
    "plant_textures": [
      "agricraft:blocks/cropScablazious1",
      "agricraft:blocks/cropScablazious1",
      "agricraft:blocks/cropScablazious2",
      "agricraft:blocks/cropScablazious2",
      "agricraft:blocks/cropScablazious3",
      "agricraft:blocks/cropScablazious3",
      "agricraft:blocks/cropScablazious4",
      "agricraft:blocks/cropScablazious4"
    ]
  }
}
