{
  "path": "CoopLife/plants/steel_plant.json",
  "enabled": true,
  "id": "steel",
  "plant_name": "Steel Plant",
  "seed_name": "Steel Seeds",
  "seed_items": [],
  "description": {
    "translations": {},
    "default": ""
  },
  "growth_chance": 1.0,
  "growth_bonus": 0.025,
  "bonemeal": true,
  "tier": 1,
  "weedable": false,
  "aggressive": false,
  "spread_chance": 0.1,
  "spawn_chance": 0.0,
  "grass_drop_chance": 0.0,
  "products": {
    "products": [
      {
        "min": 1,
        "max": 1,
        "chance": 0.95,
        "required": true,
        "item": "thermalfoundation:material",
        "meta": 96,
        "tags": "",
        "ignoreMeta": false,
        "ignoreTags": [],
        "useOreDict": false
      }
    ]
  },
  "requirement": {
    "min_light": 10,
    "max_light": 16,
    "soils": [
      "gravel_soil"
    ],
    "bases": [],
    "nearby": {}
  },
  "texture": {
    "render_type": "hash",
    "seed_texture": "agricraft:items/seedsteel",
    "plant_textures": [
      "agricraft:blocks/cropBasic1",
      "agricraft:blocks/cropBasic1",
      "agricraft:blocks/cropBasic2",
      "agricraft:blocks/cropBasic2",
      "agricraft:blocks/cropBasic2",
      "agricraft:blocks/cropBasic3",
      "agricraft:blocks/cropBasic3",
      "agricraft:blocks/cropSteel4"
    ]
  }
}
