{
  "path": "mod_actuallyadditions/plants/rice_plant.json",
  "enabled": true,
  "id": "rice_plant",
  "plant_name": "Rice",
  "seed_name": "Rice Seeds",
  "seed_items": [
    {
      "item": "actuallyadditions:itemRiceSeed",
      "meta": 0,
      "tags": "",
      "ignoreMeta": true,
      "ignoreTags": [
        "*"
      ],
      "useOreDict": false
    }
  ],
  "description": {
    "translations": {},
    "default": "Rice, Rice, Baby"
  },
  "growth_chance": 0.8,
  "growth_bonus": 0.025,
  "bonemeal": true,
  "tier": 1,
  "weedable": false,
  "aggressive": false,
  "spread_chance": 0.1,
  "spawn_chance": 0.0,
  "grass_drop_chance": 0.0,
  "products": {
    "products": [
      {
        "min": 1,
        "max": 3,
        "chance": 0.95,
        "required": true,
        "item": "actuallyadditions:itemFood",
        "meta": 16,
        "tags": "",
        "ignoreMeta": false,
        "ignoreTags": [],
        "useOreDict": false
      }
    ]
  },
  "requirement": {
    "min_light": 8,
    "max_light": 16,
    "soils": [
      "farmland_soil",
      "fertilized_farmland"
    ],
    "bases": [],
    "nearby": {}
  },
  "texture": {
    "render_type": "cross",
    "seed_texture": "actuallyadditions:items/itemRiceSeed",
    "plant_textures": [
      "actuallyadditions:blocks/blockRiceStage1",
      "actuallyadditions:blocks/blockRiceStage1",
      "actuallyadditions:blocks/blockRiceStage2",
      "actuallyadditions:blocks/blockRiceStage2",
      "actuallyadditions:blocks/blockRiceStage3",
      "actuallyadditions:blocks/blockRiceStage4",
      "actuallyadditions:blocks/blockRiceStage5",
      "actuallyadditions:blocks/blockRiceStage6"
    ]
  }
}
