{
  "path": "mod_immersiveengineering/plants/industrialhemp_plant.json",
  "enabled": true,
  "id": "industrialhemp_plant",
  "plant_name": "Industrial Hemp",
  "seed_name": "Industrial Hemp Seeds",
  "seed_items": [
    {
      "item": "immersiveengineering:seed",
      "meta": 0,
      "tags": "",
      "ignoreMeta": true,
      "ignoreTags": [
        "*"
      ],
      "useOreDict": false
    }
  ],
  "description": {
    "translations": {},
    "default": "For all your Industrial Needs"
  },
  "growth_chance": 0.7,
  "growth_bonus": 0.025,
  "bonemeal": true,
  "tier": 1,
  "weedable": false,
  "aggressive": false,
  "spread_chance": 0.1,
  "spawn_chance": 0.0,
  "grass_drop_chance": 0.0,
  "products": {
    "products": [
      {
        "min": 1,
        "max": 2,
        "chance": 0.95,
        "required": true,
        "item": "immersiveengineering:material",
        "meta": 4,
        "tags": "",
        "ignoreMeta": false,
        "ignoreTags": [],
        "useOreDict": false
      }
    ]
  },
  "requirement": {
    "min_light": 10,
    "max_light": 16,
    "soils": [
      "farmland_soil",
      "fertilized_farmland"
    ],
    "bases": [],
    "nearby": {}
  },
  "texture": {
    "render_type": "hash",
    "seed_texture": "immersiveengineering:items/seed_hemp",
    "plant_textures": [
      "immersiveengineering:blocks/hemp_B0",
      "immersiveengineering:blocks/hemp_B1",
      "immersiveengineering:blocks/hemp_B2",
      "immersiveengineering:blocks/hemp_B2",
      "immersiveengineering:blocks/hemp_B3",
      "immersiveengineering:blocks/hemp_B3",
      "immersiveengineering:blocks/hemp_B4",
      "immersiveengineering:blocks/hemp_T0"
    ]
  }
}
