{
  "path": "vanilla/plants/beet_plant.json",
  "enabled": true,
  "id": "beet_plant",
  "plant_name": "Beets",
  "seed_name": "Beet Seeds",
  "seed_items": [
    {
      "item": "minecraft:beetroot_seeds",
      "meta": 0,
      "tags": "",
      "ignoreMeta": false,
      "ignoreTags": [
        "*"
      ],
      "useOreDict": false
    }
  ],
  "description": {
    "translations": {},
    "default": "Beet. It\u0027s what\u0027s for dinner."
  },
  "growth_chance": 1.0,
  "growth_bonus": 0.025,
  "bonemeal": true,
  "tier": 1,
  "weedable": false,
  "aggressive": false,
  "spread_chance": 0.1,
  "spawn_chance": 0.0,
  "grass_drop_chance": 0.0,
  "products": {
    "products": [
      {
        "min": 1,
        "max": 3,
        "chance": 0.95,
        "required": true,
        "item": "minecraft:beetroot",
        "meta": 0,
        "tags": "",
        "ignoreMeta": false,
        "ignoreTags": [],
        "useOreDict": false
      }
    ]
  },
  "requirement": {
    "min_light": 10,
    "max_light": 16,
    "soils": [
      "farmland_soil",
      "fertilized_farmland"
    ],
    "bases": [],
    "nearby": {}
  },
  "texture": {
    "render_type": "hash",
    "seed_texture": "",
    "plant_textures": [
      "minecraft:blocks/beetroots_stage_0",
      "minecraft:blocks/beetroots_stage_0",
      "minecraft:blocks/beetroots_stage_0",
      "minecraft:blocks/beetroots_stage_1",
      "minecraft:blocks/beetroots_stage_1",
      "minecraft:blocks/beetroots_stage_2",
      "minecraft:blocks/beetroots_stage_2",
      "minecraft:blocks/beetroots_stage_3"
    ]
  }
}
